{"cameraMode":{"drawMode":0,"name":"Shaded","section":"Shading Mode"},"sceneLighting":true,"audioPlay":false,"sceneViewState":{"showFog":true,"showMaterialUpdate":false,"showSkybox":true,"showFlares":true,"showImageEffects":true,"showParticleSystems":true},"in2DMode":false,"pivot":{"x":0.9418158531188965,"y":1.0326557159423829,"z":0.6163935661315918},"rotation":{"x":-0.1466236114501953,"y":-0.6081480979919434,"z":0.11561552435159683,"w":-0.7716538310050964},"size":3.682126045227051,"orthographic":false}